{
  "Disabled": false,
  "Testing": false,
  "ScheduledForDeletion": false,
  "InstalledFromUrl": "OFFICIAL",
  "WorkingPluginId": "c2d156b2-570b-47fb-a861-3585c465cab8",
  "IsThirdParty": false,
  "EffectiveVersion": "1.7.17",
  "EffectiveApiLevel": 11,
  "Author": "Anna",
  "Name": "Peeping Tom",
  "Punchline": "Shows who is currently or was previously targeting you.",
  "Description": "Shows who is currently or was previously targeting you.",
  "Changelog": "\\\n- Dawntrail",
  "Tags": null,
  "CategoryTags": null,
  "IsHide": false,
  "InternalName": "PeepingTom",
  "AssemblyVersion": "1.7.17",
  "TestingAssemblyVersion": null,
  "IsTestingExclusive": false,
  "RepoUrl": "https://git.anna.lgbt/anna/PeepingTom",
  "ApplicableVersion": "any",
  "DalamudApiLevel": 11,
  "TestingDalamudApiLevel": 11,
  "DownloadCount": 740478,
  "LastUpdate": 1720021550,
  "DownloadLinkInstall": "https://kamori.goats.dev/Plugin/Download/PeepingTom?isUpdate=False&isTesting=False&branch=api9&isDip17=True",
  "DownloadLinkUpdate": "https://raw.githubusercontent.com/goatcorp/DalamudPlugins/api9/plugins/PeepingTom/latest.zip",
  "DownloadLinkTesting": "https://kamori.goats.dev/Plugin/Download/PeepingTom?isUpdate=False&isTesting=True&branch=api9&isDip17=True",
  "LoadRequiredState": 0,
  "LoadSync": false,
  "LoadPriority": 0,
  "CanUnloadAsync": false,
  "SupportsProfiles": true,
  "ImageUrls": null,
  "IconUrl": null,
  "AcceptsFeedback": true,
  "FeedbackMessage": null,
  "_Dip17Channel": "dev"
}